Category,,Communications,Communications,Communications,Communications,Economy,Economy,Economy,Economy,Economy,Economy,Economy,Economy,Economy,Economy,Economy,Economy,Economy,Geography,Military,People and Society,People and Society,People and Society,People and Society,People and Society,People and Society,People and Society,People and Society,People and Society,Transportation,Transportation
Field,,Internet users (humans),Telephones - mobile cellular (connections),Telephones - main lines in use (connections),Internet hosts (connections),Exports (dollars),Debt - external (dollars),Labor force (humans),Inflation rate (consumer prices) (%),Public debt (%),Current account balance (dollars),Reserves of foreign exchange and gold (dollars),Industrial production growth rate (%),Imports (dollars),GDP - per capita (PPP) (dollars),GDP (purchasing power parity) (dollars),GDP - real growth rate (%),Unemployment rate (%),Area (kms*kms),Military expenditures (%),HIV/AIDS - deaths (humans),HIV/AIDS - people living with HIV/AIDS (humans),HIV/AIDS - adult prevalence rate (%),Infant mortality rate (%),Population (humans),Birth rate (%),Death rate (%),Life expectancy at birth (years),Total fertility rate (children born/woman),Roadways (kms),Railways (kms)
Country,Region,,,,,,,,,,,,,,,,,,,,,,,,,,,,,,
Algeria,Africa,0.0021936277410933044,0.00617359180322312,0.0023902215994547026,3.183782579722879e-06,0.00653633308995595,-0.0003227522289365476,0.0036340497663095235,-0.006873723782416646,-0.003574333418271895,0.01340836697850914,0.0174754629458834,0.0141674403643764,-0.0034372373825232974,0.008726763937943836,0.0037042983107531914,0.012403142833082687,-0.013602305838346852,0.02195645461639672,-0.02079271020992058,-0.0004527676784693854,-0.0005348796583797745,0.0,-0.012319147631449362,-0.005738856222918578,0.011644404049840594,-0.004033023416491534,0.015260536166303742,0.00870869673726842,0.003694230975970313,0.0035984342102640047
Botswana,Africa,2.1845267691392505e-05,0.00037828322120185207,0.00011042088826176372,1.1313090612964975e-05,0.00045878670529666486,-2.717280616530944e-05,0.00027778534959408785,-0.010047008692126182,-0.002365175279937778,0.013049463556579126,0.00122240950223609,0.013767677138218741,-0.00034583975756491506,0.016249769645045924,0.0003175665797355075,0.013463829226385256,-0.015550482635925062,0.005368567030379752,-0.01892057073586385,-0.010350252029572854,-0.012173537299571489,-0.17768013756662768,-0.012113775062554137,-0.00019406733501482163,0.01537871182734486,-0.03114295091612165,0.004026145422391065,0.013424439170409202,0.0006521062785484019,0.0008000551987529244
Cameroon,Africa,0.0002813245505867187,0.001448698886305958,0.0002787479205855044,4.561991893541634e-06,0.0003969590294545865,-0.0001496230555839608,0.00262264896881074,-0.003570715330775534,-0.0067822463484253775,0.013020239384602299,0.000340420994547538,0.012191521606182365,-0.00032861908550027054,0.0021664939024251756,0.0005905454089859693,0.011944834745574541,-0.03050492173506327,0.004305847035515568,-0.006627787472717673,-0.025455217490626583,-0.02113102828222642,-0.034734963086573895,-0.030538045489006457,-0.003068002141503272,0.02759208443408862,-0.022586619474377,0.0052954307135138125,0.030313195055786037,0.0017902177316331022,0.0009558226844053655
"Congo, Republic of the",Africa,4.383368698807622e-05,0.0004204355823653182,0.0,6.455149399757733e-08,0.0006813057936325234,-0.00013517569839565765,0.0003123811910448622,-0.005052720891539462,-0.007839969716428162,0.01304330705680534,0.00035580514959732563,0.012228995783858955,-0.00014785247348007445,0.002922951853812117,0.00012531675662963573,0.014752905783806475,-0.054353874548085164,0.00307031411701566,-0.01037265497295639,-0.004293724946786085,-0.003041597716945846,-0.023369668220803476,-0.038821898219310015,-0.0005435774860749998,0.03361150625813042,-0.021766664159824565,0.0056837984125539635,0.04148756771446364,0.0004412685667044596,0.0007865632448300291
Cote d'Ivoire,Africa,0.0003320173555845819,0.0022808637855510866,0.00026277866435324264,1.4635813719803078e-05,0.0009635654400188609,-0.00033808376877352865,0.002402511625913902,-0.003272741737384684,-0.017906666481429974,0.01303442844306389,0.0004086942110367061,0.016793525943492916,-0.0005675163130568159,0.0013717253396665185,0.0004568708305972158,0.011878224241096037,-0.012877434873264459,0.0028894066375621794,-0.0075207665958243715,-0.024428306342469393,-0.018692688760922973,-0.028955035061323988,-0.03583433632745769,-0.00324886691802635,0.02592643773112818,-0.021111605766220502,0.0056603073157613796,0.028074307085097727,0.00249910750449378,0.0005932382085991073
Egypt,Africa,0.00842677346301021,0.011021492992019356,0.00834233138924767,0.00019947636975454886,0.0023530040815581115,-0.000997623479912492,0.00856087890678557,-0.010880925616690164,-0.026275305221790793,0.01297803015417513,0.003963445022955399,0.012154406567060407,-0.004413004626403852,0.006176913478440133,0.006403213841970777,0.012688029664625877,-0.010218062311882154,0.00917622076498302,-0.018213996243690297,-0.00029261585315012637,-0.00038580456762793734,0.0,-0.012554689555341947,-0.013625997482017956,0.0162209894552255,-0.005116619108425702,0.01423536808685748,0.01589506761240913,0.0028458157063474127,0.004629550324811015
Gabon,Africa,1.4731971839543919e-05,0.000283041108660056,1.2304786260625322e-05,4.496156966312841e-07,0.0007588986583899094,-9.649838471164698e-05,0.00025264593699531436,-0.0023289612238734593,-0.007772018856845236,0.013079904265949948,0.00018725158297479993,0.011298589624270848,-0.00012391477170757713,0.014726404359331629,0.00022241441143380599,0.012903105379694597,-0.021172722808228604,0.0023820582085110607,-0.011281733633253603,-0.001547249013262362,-0.0017221570946000337,-0.03792893696714887,-0.02495604460621218,-0.00012807565730258124,0.029215434299944665,-0.02347485253862597,0.005138435911688804,0.033096861481227785,0.00035014104930104723,0.0006795270840815238
Ghana,Africa,0.0005316423506293472,0.002657035131671384,0.00023503452729957373,4.440049014203281e-05,0.0006391403124147784,-0.00021949611328654056,0.0038978140361567003,-0.01600284898488905,-0.015362214768545152,0.012974638111436843,0.0004562931916016149,0.01313093188228545,-0.0008948641846608061,0.0024354315536746804,0.0008102206749787109,0.015232308546834465,-0.01379509223929906,0.002116211383572687,-0.00466639823516567,-0.013604985514603362,-0.010922421947724064,-0.01324897759959835,-0.023381525402814143,-0.003857708785498622,0.02274563005505971,-0.014364999143313038,0.00883265509571052,0.02507984418720758,0.0020774447428212116,0.000856083622998179
Kenya,Africa,0.0018504224162363115,0.003630003662094601,0.0002717413962569661,6.498773990442905e-05,0.00042945277387435054,-0.00023127349231212525,0.005147743840751864,-0.010654679375317782,-0.014499553825923894,0.012981024227459925,0.00048048544972133613,0.0125540394065449,-0.000882630168883268,0.0011115799548613685,0.0008097202134746471,0.013342044062365199,-0.04087403165376844,0.005286998837218442,-0.012849577033662048,-0.07103542779350586,-0.04880803668267482,-0.039227212795295646,-0.02539990512109014,-0.006438911669819553,0.029230697275256137,-0.017122543654910352,0.007210813506176605,0.03079713329265781,0.003576863541085722,0.002284015856206293
Morocco,Africa,0.005713447424895887,0.0062530361957498694,0.002145524288898359,0.0003717792443641066,0.001543248636726236,-0.0006488860038041962,0.004043235472362064,-0.002867752158778919,-0.018722246023070734,0.012918672156988486,0.0032210280446583026,0.01232188429095389,-0.003021591100021943,0.005292427372740943,0.0022228389519437456,0.012246574362420286,-0.009755400673070859,0.004038351936478831,-0.02930289240957896,-0.0005959398161080606,-0.000752598224237032,0.0,-0.01547821328490672,-0.005445800925089516,0.013088444995162157,-0.005523050669649957,0.014972839072765663,0.011656072442181307,0.0019103921209225078,0.0017761670302070332
Mozambique,Africa,0.00018970995757443542,0.000982608570036427,5.632553669325456e-05,6.179050640151221e-05,0.00018719891255378608,-0.0001044797584943502,0.003465314441153909,-0.01084816683889554,-0.007954225213845999,0.012984222739268659,0.00024030811559332753,0.014033900024099938,-0.00024070736980865947,0.0007405003677704628,0.0003171069352891989,0.016777606305179785,-0.02039746137883082,0.0073145521217954194,-0.004248231506228448,-0.05462955471371594,-0.05118651170626509,-0.07234321115216562,-0.04959542994861154,-0.003539388759599261,0.03168156156672607,-0.03438729373556235,0.0016320337657729999,0.03788854880445532,0.0009454054146730715,0.0036407025392090234
Namibia,Africa,2.9184496333106136e-05,0.0002252516720668365,0.00010964262536315433,6.12375093047289e-05,0.00027852257226242263,-5.1992210470101775e-05,0.0003001488195392797,-0.006748607888885008,-0.006720306403931506,0.013037201404433566,0.00012933475184328787,0.013599769634726765,-0.0002938825891381379,0.008777580971732053,0.00017741614592449854,0.01222097450608639,-0.03198323399645828,0.007540645283705544,-0.01987943825470312,-0.005911468208707396,-0.0073769463713259376,-0.10124977126988267,-0.022528060462829513,-0.00022759909428165246,0.01542437946908386,-0.029036762411309716,0.003234688359274625,0.0143392154388564,0.0016598741581741044,0.0022750034817167826
Nigeria,Africa,0.014331256622418962,0.013488638865822121,0.0008680350653694321,4.140955651784478e-06,0.007477649916909215,-0.0005655160230692085,0.017065785307368943,-0.016012934459170833,-0.0036194639760745353,0.013329604465990031,0.00591473157294685,0.010791532353431013,-0.004132397281276259,0.0017353049852132582,0.004395256840369754,0.015662996281087607,-0.009247849704274759,0.008456956165350903,-0.005658791337795386,-0.15179602121387556,-0.12176323601688499,-0.02462799850881375,-0.044164432114430226,-0.02507802426337159,0.03240464452208576,-0.030408007215060165,0.003061716193526039,0.03863953147285756,0.006676327466760013,0.0031826044380761083
Senegal,Africa,0.0007133252781396783,0.0012684813934334587,0.00023188480981499858,1.1856776784529306e-06,0.00013479837054938604,-9.16097086970719e-05,0.001881182465962655,-0.0023312560299636573,-0.008762778762712541,0.013010196786480431,0.00023011790041599394,0.011498093291272972,-0.0002879867190522775,0.0016116299606296616,0.00029512397840062446,0.01244765664335274,-0.04916931958873258,0.0017229296083309442,-0.007155066202998076,-0.0016181298229832617,-0.0019286716879231647,-0.004517638412444797,-0.027440552322529236,-0.0019979542071901896,0.029407600667712787,-0.01610678661129741,0.007965874110824283,0.03386053696757662,0.0003676674419763116,0.0008163828558703311
South Africa,Africa,0.0033982697096087895,0.012873820218107217,0.003767085963046646,0.004538608197174097,0.008189503076799257,-0.0017972267562943998,0.006177647463979189,-0.006767832758403047,-0.009637246084814751,0.012655258571168431,0.004978714660251616,0.011984296073126876,-0.00823223188056134,0.01431894132435133,0.008125336121945699,0.011294823044403815,-0.025343566561436204,0.011194833925026687,-0.00817374368318795,-0.20257905668811674,-0.2037353504423673,-0.11731129108943218,-0.02366395452734837,-0.007818558710342859,0.011615332593244843,-0.037625402575002916,0.0023391423368749964,0.01025996358548242,0.012315591772141636,0.018826836976228167
Sudan,Africa,0.0020401161394203167,0.0026906935693316795,0.00044476082532008847,4.97210552235234e-08,0.0007255666636765152,-0.0008783706362514893,0.003744642049486477,-0.023248868019456793,-0.026395476719567115,0.012969311065689732,0.00023011282773132603,0.013507607534386732,-0.0006089785749993022,0.00214717018279135,0.0012935629334463032,0.01271808774454075,-0.019167794783676324,0.020936408407886173,-0.018276245424999473,-0.01125875240522623,-0.012227505523113512,-0.00924551461733749,-0.03335973681188316,-0.006566918460672363,0.02739737162073661,-0.017925735101045007,0.007103317938724341,0.032094742415620485,0.0002969259840308207,0.005418569436354848
Tunisia,Africa,0.0015255740162210005,0.0021983072638677346,0.0010186643859537907,1.6126423702674752e-06,0.0015550172771351867,-0.00058342295122484,0.001329431060397973,-0.006069722791221335,-0.01428741343038541,0.012988184919579558,0.001071315543803833,0.010715532313757652,-0.0018966132885864053,0.010587718686999335,0.0013172508568651067,0.012300336839547444,-0.014928061762454826,0.001418585120229099,-0.007206969726934249,-5.0156255552198135e-05,-6.758870337143113e-05,0.0,-0.010890891490417658,-0.0016380374540577334,0.00846752552757239,-0.006257565393437108,0.01571413157495097,0.006067292398429825,0.0005529953808120182,0.0019528914927805984
Zambia,Africa,0.0003113244986700932,0.0008571305660069758,6.332379579145952e-05,2.1853390761820483e-05,0.00045874592441153965,-0.00012637719142716188,0.0019070234580409338,-0.014051114211993464,-0.012196623500744054,0.013026008599497686,0.00017559215169522628,0.016309277670138945,-0.00031814165748286056,0.0008883902803553156,0.0002005802495395348,0.015332356745461245,-0.037172901877897964,0.006872246116585073,-0.008838289053764702,-0.03779109901802681,-0.03640386375544155,-0.09045386115996493,-0.040357503928690246,-0.001998875600833412,0.03617556804499984,-0.03334297596233318,0.0017191923904747786,0.04240674542559081,0.0029347294135325867,0.002016562844481458
Zimbabwe,Africa,0.0008265818702196975,0.0008738284155474095,0.00027200002704929124,4.5280970364241515e-05,0.0001514297820329784,-0.0001592417165336141,0.0014288746954484914,-0.3464889654774903,-0.05153131073986673,0.01302372139518934,9.09236654219339e-06,0.00843425423057028,-0.00018628759646074024,0.0006936800492285246,0.00015501529375671212,0.006614621300513965,-0.08737073914634062,0.003521013458775639,-0.021273731075242275,-0.07380476050179506,-0.05503235662838501,-0.11211559520977872,-0.01796934850784806,-0.0019497811881767706,0.02404706899872144,-0.032273813900581545,0.0020745576874073596,0.022065320899383442,0.0027621994319110693,0.002898959454321781
Australia,Australia-Oceania,0.010840785411993202,0.006885674098595979,0.008590522139005772,0.02559571187663153,0.018830349872143874,-0.024443853388494804,0.0040231869448214,-0.003881507478539562,-0.005326437897959891,0.012056381131173736,0.0068923179878852825,0.00980061976644726,-0.0190754909035338,0.04814540227443214,0.01197167057311377,0.010910160028048099,-0.0046450044200592264,0.07135117467754094,-0.015060471202696895,-1.6267300516296803e-05,-0.0006192764333306164,-0.00012069199618096046,-0.0009898782686384054,-0.003445615487349873,0.004371765504164845,-0.010107114461954518,0.018603855231498392,0.005365753898673021,0.028495270235681568,0.03736730545372564
Fiji,Australia-Oceania,1.970812266418301e-05,6.392203935208442e-05,8.318717851799016e-05,2.8244582811731136e-05,2.378505373157791e-05,-9.366661360535204e-07,0.00011140911376538359,-0.005336356667120417,-0.009728460388905895,0.013024516981002878,0.00015630689539906296,0.01797763161865997,-8.745570305561794e-05,0.006013745997527945,2.1858233057981598e-05,0.008898623336947796,-0.007278115517163666,7.288921083794369e-05,-0.010683390109360466,-5.0156255552198135e-05,-1.9904361044599072e-05,-6.774871035490649e-05,-0.0044853889731938995,-2.4749884828039956e-05,0.014326463578832048,-0.007060432207001852,0.013574243445183926,0.013819554736865487,0.0,0.000536091408688184
New Zealand,Australia-Oceania,0.002360272834310597,0.0012744638212270276,0.0015260549778858433,0.004215493287933343,0.0031961292185356525,-0.001768290200881425,0.0008234100366701749,-0.0032962492858182187,-0.007079355849957777,0.012868657392779547,0.002019502533229466,0.00913886886621396,-0.003112934147796151,0.03479423988057624,0.0016756077665922647,0.009806674176030332,-0.004777202421992913,0.002386545095002111,-0.004671011455397012,-5.0156255552198135e-05,-5.934284617896415e-05,0.0,-0.0012300257540313374,-0.0005817299165340235,0.005923003662064666,-0.010582613369031997,0.01795548248103872,0.007401550618664223,0.0031556018866751617,0.0037005999806769764
Costa Rica,Central America & Carib,0.0009324010154737401,0.0005669563434050141,0.0010749118868713422,9.632125228814272e-05,0.0009761527901095398,-0.000233832332726721,0.0007354113882230251,-0.010040039354062495,-0.013405970613960526,0.012994229466451533,0.0005834738160866547,0.01238864688806044,-0.0012851867837269989,0.014393650356685918,0.0007019624388076965,0.013169299564849196,-0.0062941144724102775,0.0003768449474141657,-0.0011717997196171723,-0.00030647601905407665,-0.00038793464933836405,-0.0020354255509220836,-0.0034060206791042334,-0.0006052290891354292,0.009741281242097251,-0.0036526651010130124,0.016759696584106996,0.008304197556001069,0.0011630531463148609,0.00030306221877143195
Cuba,Central America & Carib,0.000625160485997505,6.570071650312819e-05,0.0008420892254820665,7.806757142039841e-06,0.00033177794039618286,-0.0005066069720913649,0.0017786108887957112,-0.00617904574322719,-0.00918899998749153,0.01303159810575873,0.0005337309780195585,0.012548499433925832,-0.0010001070386136796,0.008714966801273148,0.001244189386620599,0.012422220466352961,-0.0019298700113560363,0.0009301681429294123,-0.019362654775319378,-3.937270671862765e-05,-0.00017904683609740597,0.0,-0.0014511269478742776,-0.0017768641545540887,0.0029406421085510907,-0.010767483703953069,0.016786304175125995,0.0033272432865058387,0.002015235951664499,0.0059012328415946206
Dom. Rep.,Central America & Carib,0.001229643138153712,0.0016918818477664973,0.0008105643989740724,0.0004443327241539901,0.0007511956128376612,-0.00031774768085641433,0.0015195196334575596,-0.009059908224864046,-0.011577861812162362,0.01297627676662617,0.0003440615892659516,0.010181115991560625,-0.0013803773590779507,0.009838932378323303,0.0011284838876946734,0.014023703828047001,-0.015103763170386501,0.00035459827174601016,-0.00250097779242453,-0.002823258710143473,-0.002581598782057731,-0.006844515264068592,-0.011332139119503763,-0.0014982124287282177,0.014039261728734846,-0.005330394346836227,0.0154725170630497,0.013588549521108328,0.0004744609606066319,0.0007562064105753695
El Salvador,Central America & Carib,0.0004983157361909516,0.0014118345721230972,0.0008291875788114584,2.9958091465477536e-05,0.0004206160247782683,-0.00028845786234405493,0.0010087460209347867,-0.0035138651608438445,-0.013531142917409198,0.01301247368988903,0.00036446318894947476,0.009906748939091437,-0.0007866182453483407,0.007295254515924471,0.0005580050451857392,0.009639987442912591,-0.006202375773447958,9.852175741340118e-05,-0.010251477118709149,-0.0010004185709632924,-0.001141591155508704,-0.003920191632058592,-0.009673133747191436,-0.0009767389601749474,0.014928698013637732,-0.006716603273566399,0.014476042810316874,0.013198671977310556,0.00022977094680216175,0.00029792054449478457
Guatemala,Central America & Carib,0.0010467082515265515,0.0029157337955899075,0.0011463665157749711,0.00029604684600364166,0.0006929104279634256,-0.00027776706606898784,0.0015051777999320374,-0.007191384797650807,-0.00690324437103798,0.013001195627283847,0.0007294691431410775,0.011675122772434142,-0.0011706106950967238,0.005751611713604796,0.0009839994779660558,0.011245731970828237,-0.003983768184156129,0.000911922692495884,-0.000829786535525134,-0.002490067002638902,-0.0024958049136705224,-0.004908245868961506,-0.01294622681170242,-0.0021469802881708545,0.021573155532158845,-0.005597640450532377,0.013228223968062773,0.022238789047938145,0.0003589998210688268,0.0005274679940349345
Honduras,Central America & Carib,0.0003008913476345104,0.0010383998834915511,0.0005038404843698444,2.736741879855862e-05,0.0004130776559799805,-0.00013177832438261757,0.0010859981503290957,-0.008086866156040427,-0.010123654968259309,0.013009825484066902,0.000368070327192186,0.013149140569922587,-0.0006946187731750033,0.004196125130912508,0.00039565832086769,0.011941656100742354,-0.014240792876932817,0.000941556823158391,-0.00444492627318149,-0.0017324944978597213,-0.0016886613355846217,-0.00626259112352975,-0.010314547313768099,-0.0011867185489734242,0.019526226559287516,-0.0058949406287404195,0.013056669769700064,0.020014465737493336,0.00036918833008908226,0.0003703851296184758
Jamaica,Central America & Carib,0.0009187763947629875,0.0007622425653172311,0.00026462324167813596,5.98394576649337e-06,0.00013170830807070094,-0.00027869404796714416,0.0004702558638727165,-0.01402664833002012,-0.036432222432989124,0.013002041484782012,0.00029526939856947644,0.007211357816415186,-0.00045496930961727594,0.00807926351160618,0.0002387148462502292,0.007669726054799598,-0.012517782543281349,5.4721219636799e-06,-0.001675891321601225,-0.0006616057823556156,-0.0009640099453234601,-0.008524961374274956,-0.006200963204299015,-0.00034875285191172364,0.011933910814707521,-0.008605646588167913,0.014881737928787707,0.00960376672721861,0.0006120492921594936,0.00024128648851278676
Nicaragua,Central America & Carib,7.476142916266137e-05,0.0006019175045271411,0.00020471182494265414,0.00021151381716233585,0.0001868477976982017,-0.00013328607880470927,0.0008926142071520514,-0.009189988085817984,-0.020901053920862563,0.013009229961135082,0.00015792738914419173,0.011056447107681765,-0.00033457407737563994,0.0033305667011622785,0.00022613462076226664,0.012118314321174916,-0.0069607054476514075,0.001107120464679339,-0.0022885911055603174,-0.00026416582244087307,-0.00025351847890253036,-0.0006800009152699646,-0.0112504361492876,-0.0008363539899602732,0.014854777048253314,-0.004355807885672498,0.013905530357039132,0.0117784193754622,0.0005702574687828443,0.0
Panama,Central America & Carib,0.00037556563389323663,0.0009051691812652899,0.0004182406364192865,2.4002711846553604e-05,0.0011790829141287464,-0.0003317370163578174,0.0005307940254111076,-0.005268172459395386,-0.01361000254347512,0.012981220529831989,0.00028982495512852726,0.01387093979858041,-0.0014760927346686402,0.013546220809978783,0.0005158747101855673,0.01698954770749228,-0.006126242336366519,0.0006137442675940495,-0.004387795989356933,-0.0005645049078833927,-0.0006543125785790292,-0.004883212214791612,-0.005547051287015982,-0.0004363950243629927,0.012758630227515201,-0.005143799499918577,0.016374032839903255,0.012555636915209752,0.0003126036340987957,0.0001802110994384143
Kazakhstan,Central Asia,0.001837265915917024,0.0033176136802292376,0.002846728772188953,0.00010641188129847161,0.005785057859664531,-0.002328134250044592,0.002994482737813379,-0.00870013153025965,-0.0025756269070136358,0.013101913286028406,0.0029349239361056655,0.014323576440897863,-0.0031301116828750574,0.013441030990124274,0.0025815113313956382,0.016064160890243484,-0.006172935219557421,0.025101763232667586,-0.004314232396596423,-0.00019229659700474545,-0.000520128814628438,-0.00023007638163700237,-0.01165717711311407,-0.002564759314883772,0.009794562512523863,-0.014899685695651576,0.012350047302465401,0.007863115571349407,0.004193645163883289,0.013014182232951322
Russia,Central Asia,0.021389444448225756,0.044353255272125997,0.035417667228380474,0.013599992112845188,0.040734808236329585,-0.011186511309851129,0.02649199932583807,-0.010869501201267314,-0.0020019302557675966,0.014770176968931544,0.05475094195264778,0.01313380225661334,-0.023770500756893242,0.017790797939115647,0.030619557021594655,0.013093646442886742,-0.006430201465922339,0.15812073376278912,-0.02310261631112883,-0.019684598305594218,-0.03388580932019169,-0.005861038222053486,-0.0040432360674207725,-0.023770892966043,0.003026505695258652,-0.02905338720881665,0.011827817345647862,0.0021080155600348744,0.032004691651476486,0.07905398030217246
Uzbekistan,Central Asia,0.0017781836610310236,0.002310888592431423,0.0015464484576264731,6.13686243773949e-05,0.0009223524680590942,-0.00015641546047094235,0.005466343980016478,-0.015425385824413523,-0.004081678880995102,0.01310668338486322,0.0011194396671755722,0.016368981585937994,-0.0005872647475505483,0.0026115713309745204,0.0010649770440168493,0.016912440126472143,-0.0013049142678205347,0.004046222162653327,-0.015836431064859487,-0.0004060866768413352,-0.0006730926738541163,0.0,-0.017534557048083422,-0.004559231348891349,0.013285968723819937,-0.00778624997961793,0.013211925328361135,0.009900774230241893,0.0028486391887906108,0.003475444690001974
China,East & S.E Asia,0.1854212075093533,0.18817758461000525,0.26323020869257746,0.02389645868841389,0.14394815140565484,-0.012213724414127958,0.2829264576630472,-0.004150249381314504,-0.005825324289527933,0.01807998186638846,0.278473885001737,0.02527733376027609,-0.11677118011569224,0.008706545942618922,0.14547940425573366,0.019560766285770966,-0.005106596911761126,0.08876282236288179,-0.023646061096336893,-0.021463223867729832,-0.0286907819922276,0.0,-0.008343377840985055,-0.22428322135070136,0.005010772131510186,-0.010138049796908704,0.015010067889653722,0.004204627177771508,0.09525715943709173,0.07140550389749303
Indonesia,East & S.E Asia,0.012776524811905377,0.03221421744133472,0.021527408513682737,0.0016134151218395905,0.01451960793638285,-0.004826728822904355,0.039502239141337735,-0.008990002964616287,-0.00905123994222855,0.012915417024231586,0.00969135134108124,0.01190560758949518,-0.011325985147015858,0.004601858990264839,0.015044338569303229,0.014567989273716941,-0.008215580432229903,0.017600964785153373,-0.013579727801727125,-0.005132484764499893,-0.008926615092766568,-0.0005176732439878688,-0.0139955407002174,-0.041029232112786036,0.011438000113638047,-0.00818778037250823,0.013588504209144642,0.010562931829377072,0.014253620021524976,0.005736190088075771
Japan,East & S.E Asia,0.06744992185698283,0.03785911196976693,0.04907877378210467,0.09854870723009404,0.07736187853121711,-0.05831181087128113,0.02334017281820149,-0.00046353403908311536,-0.05439788638660683,0.01600544132408364,0.16112907324737927,0.011604999470915322,-0.06759151507113437,0.04352043456539934,0.06502747698977722,0.009989348944834144,-0.003978063153475691,0.0034025171044771607,-0.003524096533576527,-0.00010868892532562022,-0.00036381206212901735,0.0,0.0,-0.021338938685230166,0.00013300791842442533,-0.015502355843110016,0.019179555999009258,0.0009397724389102525,0.04176948329804775,0.02270763397826499
"Korea, South",East & S.E Asia,0.028472415821856844,0.015023278136208719,0.02157546280200094,0.0029703275772713696,0.04543546382314232,-0.008148384410189193,0.008665477998545983,-0.0038275098147791896,-0.006544282233873718,0.013638384468621473,0.04063981860411485,0.01468932305969502,-0.04049676798278736,0.03403683571793086,0.01970438276500879,0.01226294061669586,-0.0029932873292365394,0.0008217950345020917,-0.015313903189981526,-0.00019229659700474545,-0.00034822386375590506,0.0,-0.0010937405999833028,-0.008096675893415001,0.000983182895428589,-0.00791872942311208,0.017181638677309655,0.00024524773699231524,0.003400795588220179,0.0030704152209360693
Malaysia,East & S.E Asia,0.010292869343312631,0.007009876799612713,0.0037618982837541396,0.000763955012940432,0.020741955487278283,-0.0019777833986233872,0.004092194233558187,-0.0033238233473973115,-0.013094412411369168,0.01357104663738748,0.015115179057649085,0.013074091163951994,-0.015930518493505245,0.01739046103081094,0.005541101493614326,0.01455464014989649,-0.0028506222830769964,0.002957379526335831,-0.010697127042106118,-0.0023839247025011032,-0.0027072476177157152,-0.002151183727668324,-0.0066811640857452085,-0.004369993946547972,0.014530595025102134,-0.005155185584551239,0.01478572562623418,0.015657961987450744,0.0033005375181098615,0.001733184069016276
Philippines,East & S.E Asia,0.004829813525563935,0.016221891111279696,0.0033564060560757098,0.0006161732760913787,0.0053530805984779275,-0.0019398122670563824,0.013441099998459279,-0.006179824748007442,-0.016219860035076836,0.013192325605419471,0.006285655851713239,0.014310738029845144,-0.006016021724830748,0.004915328693756981,0.006000993459353382,0.015000179343151378,-0.007791859454903994,0.002681432353099322,-0.004181126285135176,-0.0001545237853302864,-0.0003354579966934461,0.0,-0.00912593766785993,-0.01623710852355288,0.018160403168048577,-0.005508461833997306,0.013745627843535536,0.018820101637811507,0.007082832883945756,0.0008399373521819707
Thailand,East & S.E Asia,0.009620105143986795,0.01575720035885761,0.005763885012081276,0.0030522189027574424,0.01793690482534095,-0.002316804046299956,0.013302159073587609,-0.004782456249536593,-0.01141282883102032,0.01311866039580966,0.016325205784840282,0.014484769851496986,-0.01586313113440386,0.010848279479636392,0.00877672087790286,0.014218278574485155,-0.0007557490322902482,0.004658438909771808,-0.009286865707305175,-0.023728929920608155,-0.02042629811816709,-0.00779237379772585,-0.007283151549833684,-0.011017364520471591,0.005508993280288339,-0.010397407920647743,0.014727991312375623,0.00423923594104115,0.004559321658035553,0.003687329232347662
Vietnam,East & S.E Asia,0.011936337313077361,0.015152455173394985,0.011041287160255016,0.0002208672995548569,0.006805007170395358,-0.0008784573602787484,0.016809500592493656,-0.010871527470838162,-0.014020099894269767,0.012999838206634634,0.0025298125003621066,0.01846479259620557,-0.0070199149151648635,0.003288918495085475,0.0040461986166198,0.015921929675763443,-0.0032638311280474342,0.002963453457262162,-0.014012472390900142,-0.008290219112361242,-0.009348617341969668,-0.001957448610926135,-0.010109793501290328,-0.014694347315385707,0.00915924781807044,-0.0077037618196936246,0.014001273906496935,0.006538817710127104,0.0062751050605295705,0.0022983328804865844
Belarus,Europe,0.0023623989680890715,0.001794540888648234,0.0031833883396858954,0.00021093302047240885,0.0028562499217296556,-0.00023671789310584717,0.0016941587987703171,-0.03162865184556029,-0.007114275631250697,0.012961809193407165,0.000409503894057392,0.0171867691739891,-0.003074410144118085,0.013670514689915349,0.001592872132709443,0.014906554201036027,-0.0008268179394635596,0.0018258924724833781,-0.0067478229958669615,-0.0005942860331808836,-0.000579202508409639,-0.0011715611240040622,-0.002263824637588981,-0.001531029569877178,0.0023615570576181522,-0.026269369070401612,0.013461780114207672,0.0012715209784207497,0.003044678622412754,0.005007672937033873
Bosnia and Herzegovina,Europe,0.0006571054093142948,0.0006632864904656874,0.000808636973546164,0.00014833988757781468,0.00035356692796294616,-0.00018881325318816192,0.0005716635438903927,-0.0033955730182948086,-0.009338148450504822,0.01299918247803265,0.0005282145614721403,0.013534156757425602,-0.0008444122050550953,0.00805718384037901,0.00038624152813280534,0.010272930034009935,-0.041937393373268586,0.00037752368492028346,-0.021110564581608125,-1.6267300516296803e-05,-2.5779713013884122e-05,0.0,-0.0032997351284115685,-0.0006030515202334763,0.0010740366803756271,-0.01428494151923053,0.016748661491288588,0.0006764051326120694,0.000658948257317638,0.0006775376299306157
European Union,Europe,0.2081508423689492,0.15984330996264012,0.20208039860779373,0.0741031707843907,0.1889805335391249,-0.4203231728257974,0.07905825372794205,-0.0032678666695181535,-0.015303576769527795,0.013582255037215307,0.14753715319344182,0.01049263235693197,-0.18694944246471196,0.0407812058136761,0.21357542370694851,0.00855026991710218,-0.009024793158959814,0.04091012302963087,-0.009502025880057512,-0.006244365127462758,-0.025769247560921537,-0.0008696177273459352,-0.0012565612200109745,-0.08192256598670246,0.002064278129265458,-0.017434432888496446,0.017403915296014996,0.0028166243929944675,0.14587377596660336,0.21823041319295874
Macedonia,Europe,0.00041412119852976683,0.0004261707488077237,0.00038619359683595626,6.616005217158833e-05,0.0002595393145159137,-0.00011432602559856105,0.00034694363529591624,-0.0031967905936999756,-0.007752909353458882,0.013028391966833329,0.0002800237842269247,0.011185095314441453,-0.0003922329416967486,0.010919909840298033,0.0002303147476641832,0.010135583280938576,-0.034344695775314245,0.00014018266266447191,-0.034015411439766795,-1.6267300516296803e-05,0.0,0.0,-0.0032146846638127775,-0.00022101050371852417,0.003965281676867125,-0.014376038720159445,0.015445373310155946,0.0035228620456469826,0.0002909991988431653,0.000628614799020155
Moldova,Europe,0.0005406934821019148,0.0005043366293174636,0.0008709464082584901,0.0006060058155997211,8.746709529838623e-05,-9.577371402036899e-05,0.00048203369928953734,-0.010290993253533713,-0.009051457683176159,0.013023747984440781,0.00017026659373038175,0.016237879988831194,-0.000258985865077557,0.002494991946892259,0.00010717097677160622,0.01344291807524755,-0.005244803520604188,0.00021710118899606718,-0.0002516467759145402,-0.00033231658886199945,-0.00033134904416758136,-0.0015798499825358892,-0.008512574483947282,-0.0005771455019450453,0.004746676712728371,-0.021417680196401032,0.01280239254086285,0.0026928718545878704,0.00027433203460703134,0.0010436583458363164
Norway,Europe,0.002831801968651865,0.0017249989039881974,0.0017615905322388645,0.005759415406675731,0.01524862982144235,-0.015891238863832754,0.000924691286091569,-0.0029567112091206937,-0.011714876810754284,0.014440810475602812,0.008707999691164483,0.007878449415072724,-0.00791491044162218,0.06596140872842032,0.003608524252288023,0.010191031434700138,-0.003023465405290284,0.0029025234040296914,-0.009830833948779961,-1.6267300516296803e-05,-0.00010253378917449816,0.0,-0.0003939435085838211,-0.000664514773816531,0.0032615782414771753,-0.015103888231084262,0.017986088547940426,0.005501964008217899,0.0031377797879856453,0.0037398492307243038
Switzerland,Europe,0.0037202014946330496,0.002751011748415468,0.004108158215915727,0.006976219743053408,0.02391589480913495,-0.03428754520913222,0.0015142444259717174,-0.0011295925705275703,-0.012388591297920238,0.014379025266356192,0.02715161874393348,0.011981880969696258,-0.021605167829244556,0.05220335455617641,0.0045698203383823695,0.009384954970579827,-0.0028428489772639263,0.000285947707727774,-0.004096527817625764,-5.940149585057872e-05,-0.0006255096264479843,-0.0020781406071070955,-0.0007236247662061392,-0.001167547733202585,0.0018098935681504376,-0.013288168326706989,0.018468266512820988,0.002462121293692935,0.0023825710471863377,0.004330903380370308
Ukraine,Europe,0.004860846251326127,0.011005213900411441,0.01041875218255295,0.0016453823124061115,0.0056843908271022375,-0.002110486647119438,0.007737814492814088,-0.009069071003842383,-0.006868511938004057,0.012911916007231157,0.003708696461835533,0.012942856778524293,-0.0062574622380413055,0.008499087224962077,0.004920017057993494,0.011828895383675035,-0.005030988591291335,0.0054926612866097934,-0.007916575320351022,-0.012763638779142085,-0.013280284431898187,-0.007280713754256576,-0.0036261765625038205,-0.007601190141570304,0.0013912951427605695,-0.030478143101241018,0.012488369548009902,0.0005006550791142108,0.00582920092693055,0.019979005991576038
Armenia,Middle East,9.636147477752464e-05,0.0003492609471050985,0.000491202211064551,0.00011045149011270588,4.424427443615568e-05,-9.729818538906903e-05,0.0004960284725972509,-0.006414586819337722,-0.013090833283096535,0.01301760179086084,0.00018083682411702948,0.015257488855970306,-0.00015583019860736377,0.0063999700714385405,0.00020796002582527116,0.01688888693929337,-0.013653959110596282,0.00017929092879519147,-0.029194567061168367,-5.776014298533483e-05,-8.269684889731276e-05,-6.774871035490649e-05,-0.00872981735916945,-0.0003753019613942693,0.004703164308592431,-0.013430385993390415,0.014507497170548752,0.0016179069748928818,0.00018450765829947796,0.000767814637343162
Azerbaijan,Middle East,0.0009631903808228333,0.0013848903495511263,0.0011281665315888267,2.8871453596492068e-05,0.002053454275076302,-9.561994452192212e-05,0.0019390749483629793,-0.007737725327706461,-0.0011390069530917346,0.013262748220701481,0.0007093513781358813,0.02413907784065339,-0.0006025951844544262,0.009776989128380348,0.0009947877362675482,0.022914427212727573,-0.0014059521056135052,0.0007055426288196421,-0.016471335654308212,-7.413027398680258e-05,-0.00014278266658596236,-0.00018844070653586695,-0.02531536159972816,-0.0013075547593248084,0.010782035284542916,-0.012955606483668497,0.012042263891593075,0.008599477258505918,0.0015722250106121397,0.0024521261443443856
Georgia,Middle East,0.00046658171858668883,0.000617472965508876,0.0006726476094791785,0.00021181504549861962,0.0001493468801474426,-0.00014676386627863542,0.0007442359582083366,-0.00649579981776808,-0.003956952962212581,0.013003520154811548,0.00019663935853009336,0.012665584521150863,-0.00036442283369068554,0.004989190705783411,0.00026132316585123356,0.015856549648737284,-0.01490601930246548,0.0005490640142914012,-0.006422052541362921,-5.776014298533483e-05,-0.00011827868540132865,-0.00013549742070981298,-0.007044947342682334,-0.000657126789145097,0.002783364704404861,-0.016502797371810693,0.016303241074938444,0.0024551410292143147,0.0005849747520824858,0.0014567898516975022
Iran,Middle East,0.0083599819732654,0.008245305637675308,0.019808404180583217,0.00012532599769093675,0.0077796811310338046,-0.0004533655448929445,0.009038240790784384,-0.02387428508622077,-0.0049220810546535,0.013162297344180644,0.009710885696316717,0.00989914923440703,-0.005817208254486201,0.012986346153313122,0.011424563498157105,0.010056818687543836,-0.013718335403360505,0.015163668715036493,-0.0151830523284541,-0.002260254474312233,-0.002405852810435954,-0.000428172472093642,-0.01922851524077808,-0.012068731407675668,0.010063558401593294,-0.0070240566338968,0.013348489940950836,0.005780286432242424,0.006136531532787089,0.0073330183968751215
Israel,Middle East,0.0024186729578162636,0.002829449364066046,0.0027025540810767467,0.0032113034412559237,0.0057122691700831375,-0.0025742872356255024,0.001076845787231651,-0.003045664100258376,-0.022746365044782932,0.013105814500474083,0.007257524663882106,0.01276232832430259,-0.0060505435922654,0.03598397353228304,0.002923012628025245,0.012152886157895825,-0.006990478315250339,9.820132873328765e-05,-0.046370855802960124,-2.7050849349867283e-05,-0.00018001096876512233,-0.0002614838270970953,-0.0011760182680060933,-0.0010600045102299464,0.01131997556064069,-0.006822829056143286,0.01817021656263024,0.013389890444218937,0.0005030763714116063,0.0007850649857929554
Jordan,Middle East,0.0007961793069091286,0.0012811031256480824,0.0004429997885570374,5.249501457150627e-05,0.0006110189795795012,-0.00029919970505051536,0.0006031189381315387,-0.00638465965162296,-0.019658952704183434,0.012979370930727895,0.0013272077633635804,0.011890585281893101,-0.0012304147829754566,0.006085264723088607,0.0004346795283106011,0.012428668889326594,-0.013400742941496891,0.0007433996191431913,-0.06336340486281924,-0.0002616128156117381,-1.473126457936235e-05,0.0,-0.006934352899337073,-0.0009413663637499468,0.016280325537127726,0.0,0.01730019802781158,0.01664964351752229,0.00014490284225550547,0.0004536164589069364
Lebanon,Middle East,0.0006587408058915061,0.0004729210085483106,0.0006602970955333191,6.541691791123324e-05,0.0003469823536501895,-0.0008432039880439709,0.0006247856625945067,-0.005797560509583752,-0.04508938289480011,0.012946164546264736,0.0046139543362664565,0.010144288447604522,-0.0013908664684096409,0.012646898199272337,0.000578511150912035,0.01068640337659651,-0.014328715858705434,0.0,-0.019207214965595198,-0.00015994595050403406,-0.00010819154296065748,0.0,-0.008137702578399878,-0.0005738765584732367,0.009055610401852916,-0.007938528492711507,0.015260418793226564,0.0059107094225119595,0.0001283721540044759,0.0003583013645208676
Syria,Middle East,0.0018747174853977087,0.001704288522607484,0.0029659323819660396,5.473423013828091e-06,0.0009078038686838,-0.0003005753294235401,0.001907448328964409,-0.024391567343071584,-0.011442748463678714,0.012985459346448536,0.0011071148319630512,0.011065859426659911,-0.001013506422303072,0.00500624416266065,0.0013096356783690048,0.009769018085619183,-0.013404305058487402,0.0016183036832689895,-0.0342835532075632,-7.76036792901571e-05,-1.1048448434521766e-05,0.0,-0.00967591656509676,-0.0032830422693022995,0.018559985956172545,-0.00411495236739286,0.014154186186832361,0.01822215646380422,0.00257365435303191,0.0021315912110056144
Turkey,Middle East,0.013433352658711479,0.016741314508527685,0.014437891964607872,0.005526107485960531,0.012534900129180331,-0.007130560641725798,0.008977224013091548,-0.012764846945447312,-0.013303982307519042,0.01210753996414033,0.011433393954687567,0.01418003135083995,-0.01717570967814994,0.013812412133091145,0.012489178873218874,0.0137446603213341,-0.010125841449420648,0.007146206515067896,-0.030498169545874552,-7.76036792901571e-05,-0.0001620439103729859,0.0,-0.013911032305821103,-0.01255448579301683,0.009637262249641872,-0.007674019678037788,0.014431154123369134,0.007995542156574397,0.013292157995663806,0.008414412304507395
Canada,North America,0.018460244762482633,0.0065545495724766804,0.01603306860354545,0.014940396736299176,0.04796872989595369,-0.021985700370733177,0.00640705742092835,-0.002969808938158164,-0.021120413506726523,0.012480434453800426,0.007501742942032697,0.01071818304842274,-0.04329214657992739,0.04892262682286888,0.0192267709947756,0.009970154649356813,-0.006684330393483684,0.09235265979470984,-0.005003665804639622,-0.0006299039963248414,-0.0023410443924800346,-0.0013451964060110769,-0.001103946374176247,-0.005549838006795724,0.002437046002686304,-0.012129139923210403,0.018426160822168906,0.003645689194790713,0.03893222967655465,0.043033383469874384
Mexico,North America,0.017226089480334786,0.02033668312456536,0.016257901164618345,0.021068755766098683,0.03214496745239632,-0.006206640577106821,0.01595402280467534,-0.005749264151984804,-0.007840640600568992,0.012821029767513563,0.01589826640568843,0.011275545398192319,-0.03195110788335639,0.01573401141216195,0.021255931767787114,0.011450972310371699,-0.003854617533314121,0.018126488908287074,-0.0016316398906077694,-0.00577195501415243,-0.006842226259137927,-0.0011567556994752095,-0.007813822151575734,-0.01867994201567474,0.01239026064624964,-0.004838037120523623,0.016005149340550393,0.010911584070135821,0.011966668726783331,0.015975664637031383
United States,North America,0.17063426092311423,0.08176526816110653,0.14076161234785683,0.6265267451481771,0.13744971243895512,-0.31804384653432305,0.054018181686627635,-0.003363222312731828,-0.017257356597637587,0.0,0.016571552983398918,0.01110564213450823,-0.2202341332458346,0.06001058965123254,0.21362127700211328,0.010259239708023294,-0.006436840749999722,0.09039487308779029,-0.024029953379509996,-0.010506862676150686,-0.04019839234569151,-0.00306126102457529,-0.0018126647532914673,-0.051607413532896884,0.006104960909228809,-0.013031908304276845,0.01712757421999722,0.008224349438334881,0.22713077392069084,0.2051811674718631
Argentina,South America,0.007528320231906699,0.010249268092577245,0.00796574904457559,0.010031962784946884,0.006641751679846611,-0.003791666762121065,0.005759429768558328,-0.02391740071835572,-0.014688606142418181,0.01311833040308203,0.005803148250993783,0.015066760235247468,-0.004725479247391436,0.01889002979209377,0.009101133802306385,0.015398841648570045,-0.008704310398680463,0.025590730864437135,-0.004491153126757141,-0.0019131668209932374,-0.004393202878264882,-0.002841412872579331,-0.004809065351828796,-0.006794939954069099,0.009668918344393299,-0.01095421788494149,0.016356405016576602,0.010101299727948444,0.007877512674862029,0.03085599488318158
Bolivia,South America,0.0005342511497139184,0.0012705226507957897,0.0006193491032746921,0.00016193872971574254,0.000538918823972852,-0.0001648468802312033,0.001609973549234884,-0.005947792957816237,-0.011399110141676884,0.013061030699202019,0.0009154070307468135,0.013094894064751457,-0.00033335401901413175,0.0044231560871889905,0.0005461257596638959,0.013073857007138819,-0.007638923532239278,0.010075561183375565,-0.007495227862202522,-0.0003409103399083208,-0.00030669623974800435,-0.00044992453363296224,-0.02198503924386441,-0.0014995320240576162,0.01678016811490114,-0.010127814235595308,0.011754055771512768,0.0163750846163335,0.0020403980119301232,0.003224675768863021
Brazil,South America,0.0370482668098867,0.04077434966325037,0.035114802641910386,0.030327002660694925,0.019282702597752388,-0.008425495701116913,0.03475071564332948,-0.008485159442087374,-0.014222045298041315,0.012260335314075327,0.02802837367693348,0.01259611614528428,-0.01543007696815641,0.012284227274564808,0.029292059060053974,0.011880006294898781,-0.007680789747601029,0.07873144002187281,-0.010068416574255787,-0.009155387737821484,-0.026016562172902512,-0.0032204435561708207,-0.010705071220177286,-0.03286879978039524,0.009107006755012996,-0.008365623437867597,0.014284784061428323,0.007444912008270371,0.059576359932599736,0.02626643494098394
Chile,South America,0.004383349561264461,0.004433598621456445,0.0028893812539709882,0.0022382989895495817,0.006543323916710117,-0.002040626952558257,0.0026030555432038573,-0.00382178547593815,-0.0013587928111807278,0.012974921808295525,0.0038498577828512547,0.011682107607990733,-0.0050726598416751915,0.01818311218780375,0.0036043868144220977,0.013568596917357328,-0.0069941518888762015,0.006908096136649207,-0.016323105899972042,-0.0006761299668906338,-0.001174130001707164,-0.0014859882369272113,-0.0026241683234320755,-0.002673020305033127,0.006952824471990635,-0.007179113245935478,0.01673690281643436,0.00686200759258836,0.002668920992446419,0.00594650589333087
Colombia,South America,0.009504059203767698,0.008916264562412278,0.006316347406532406,0.003938787968125425,0.00387652711290169,-0.001515278549865943,0.007631605996203921,-0.005132664188411009,-0.01233540497823945,0.012866317253143742,0.0035456067783574494,0.01250360017624475,-0.0035039490080187017,0.010861494656542669,0.005934988109817294,0.013203745542586359,-0.011043308628205687,0.010448978581075193,-0.02018919740793676,-0.00511586109654526,-0.006389433282812806,-0.003029853579115198,-0.007844564611071587,-0.007395465137202143,0.0114008196938285,-0.006180099165916531,0.014866181272177214,0.01075217047526701,0.004654546537952157,0.0022873262136936454
Ecuador,South America,0.0013594183698106908,0.002787342343881802,0.0016266043992078085,0.00012701916666069387,0.0016814673918860567,-0.0005077785259268832,0.0017231851894738799,-0.005475229645005902,-0.007671292507951662,0.013027559847207527,0.00038943944768824053,0.01241208239126864,-0.0015500492846554624,0.007852574850511733,0.0014042362032436772,0.01180090503087368,-0.00762032469148248,0.002529217963682855,-0.011199063242230484,-0.0011405552702528287,-0.0010732508057412875,-0.0016214856576370245,-0.009242217819608017,-0.002301696856633641,0.013538379859677024,-0.004433004192991045,0.01606311761898078,0.012528340702472102,0.001405560059334466,0.0008703196196300492
Guyana,South America,8.682355293096157e-05,2.9111940999455467e-05,9.258089973798911e-05,1.682811960551693e-05,9.954363725762305e-06,-2.9940626881594616e-05,0.00015571114069394272,-0.00673637739510542,-0.01575218502671895,0.01302890600310515,4.543799108512882e-05,0.00842180670959806,-1.5999702097408849e-06,0.006572873527993697,1.4591727570077499e-05,0.01107882590645981,-0.010803612889523426,0.0018941269190731495,-0.00758822765817308,-0.00042374744726102876,-0.0003460793812855196,-0.011362511876054061,-0.01594240203327403,0.0,0.009901047858253596,-0.011718330148846863,0.011599125952715424,0.009040519117657297,0.00015899228222926922,0.0001641836632361444
Paraguay,South America,0.0003895560120680352,0.00121521458236604,0.00029103316210930553,0.0001873950883728195,0.0006352369314129815,-0.00011689493369969914,0.0010342695891054849,-0.007678966061205317,-0.005982447838114477,0.013034379932792313,0.00041267840202160457,0.01105632777191441,-0.000661948160010701,0.005941104323461643,0.0004539391334099816,0.014891150355183564,-0.008754998418406839,0.0036698502574958724,-0.004858970206255776,-0.0003234281911156479,-0.0005604736229184595,-0.002046733161647002,-0.0108556170589834,-0.0009827275341958808,0.01628921061698528,-0.004087672598732382,0.015960333131756533,0.017121126123912436,0.0009294859575652989,9.488914090452604e-05
Peru,South America,0.004989158066469481,0.004393431771464596,0.0023432073642946126,0.000585145294032998,0.0030943918624259065,-0.0010474220481188614,0.0038832323945530755,-0.0036470144709560863,-0.006843308067752968,0.01296210606546213,0.004771546455323111,0.015015000727413975,-0.0024176863438574838,0.00974625105939273,0.003560620411205529,0.016217955238937033,-0.006641284023805871,0.011803652450063191,-0.006842952003724437,-0.002585151293747877,-0.0028751938795608663,-0.0021875249925631373,-0.01213646400120671,-0.004781802426623385,0.012256842927252825,-0.007774362817752184,0.013817453605336245,0.011276882851081103,0.0033117729232955057,0.002151240204039465
Uruguay,South America,0.0006987149092379003,0.0007118719040856091,0.0008145766715188113,0.001088669486575494,0.0006065001108472666,-0.0003662990461229584,0.000588451619256823,-0.010316647762731973,-0.017994061625708758,0.01301180407511028,0.0009248003097507149,0.015395361242633627,-0.000619436450010726,0.01613744972979557,0.0006214524004892616,0.014816931259237172,-0.008523018202559431,0.0015353170208605264,-0.00865892174439139,-0.0002616128156117381,-0.00030680666938486304,-0.0022450454732770007,-0.004095295267454639,-0.00044767513851491354,0.005963999305251975,-0.015328970611981215,0.016183692118134526,0.00659538761039959,0.0021440129583638456,0.0016638149874481335
Venezuela,South America,0.004093069679934689,0.006035845589467864,0.004746325648060459,0.0006243905413087351,0.007732911757557831,-0.0014675313348456404,0.004552409731395476,-0.03394508101851063,-0.007304901949053441,0.013432721876430855,0.005050195970087529,0.009553096980274985,-0.0039800961811707,0.012586339894581116,0.004237654228070185,0.011477770139514043,-0.009522124377096507,0.008348458153218241,-0.005363702946666774,-0.002418264192827488,-0.0040261529790490075,-0.0035124825470376282,-0.009452240542728618,-0.004406517747694432,0.012462816144566869,-0.005417133786180515,0.015059470696009946,0.011369821604581339,0.00325407714059309,0.000673800469621208
Bangladesh,South Asia,0.00030997576784058336,0.010083003388506111,0.0008779141144372108,4.672428043489779e-05,0.0016488850083449414,-0.0006957825088729671,0.025294830775739532,-0.009784793204139195,-0.009922385128135211,0.013070201373816027,0.00102143764531807,0.014577454415705916,-0.0021142374849200253,0.0017402080967023207,0.004261313206106913,0.014866782345700545,-0.005463232325906516,0.0012370042850627795,-0.007144084386723506,-0.00022913642856763077,-0.00037773086066346574,0.0,-0.02661207545308649,-0.025940949593017706,0.018884040887980267,-0.010024621800441025,0.011433027467253738,0.015357016191454994,0.0062272200230988305,0.002447774109961132
India,South Asia,0.041667167910057375,0.1022797461940089,0.0338574855121913,0.006892602693890742,0.019049052164096355,-0.00607719809140764,0.1749984901498045,-0.011095512967603534,-0.015536491541287079,0.012032030194397204,0.034639232551614337,0.01474085579152423,-0.028955024599543355,0.003727627025129632,0.05957824291898339,0.016331165553925425,-0.00875497051657297,0.030342146550765916,-0.013777470997929524,-0.14904797072313467,-0.13039371094079155,-0.0026049626996521302,-0.02163334451973394,-0.19479629651627814,0.014174201616782112,-0.010764080494898649,0.01175565919024633,0.014108632519602095,0.12803024284137587,0.05765429407665792
Pakistan,South Asia,0.01001901823781483,0.017732154447755003,0.004025915516365967,0.0004452673927882119,0.0021295900486213502,-0.0013237479843936266,0.018493879062329795,-0.01292985797706434,-0.01455051577570104,0.01295561187125704,0.0021387439271815414,0.014237964754891135,-0.0031512179264436683,0.0025903009021304795,0.006711774566793815,0.013459852848018004,-0.008518638434532504,0.007307888673916183,-0.01961095512728434,-0.0030541179820082194,-0.003166806015488907,0.0,-0.03212490395034281,-0.029811229224427607,0.019882238334868726,-0.010957196304086864,0.01081640840804658,0.021947645284274505,0.008970275477146987,0.007217331243402291
Sri Lanka,South Asia,0.0006603774974523842,0.002506385269417785,0.0021166811000256623,1.58905603512467e-05,0.0008423741484417903,-0.0004819774663428379,0.0028356849324869104,-0.010387950962894354,-0.024099234315638773,0.012985323781530816,0.0006418245849491672,0.015076655258658624,-0.0011854308967862261,0.005587655801073443,0.0014709877998945325,0.015835367049282855,-0.005741730990297355,0.0005111943377576433,-0.015174649983772213,-7.76036792901571e-05,-0.00011469517220059214,0.0,-0.0057002029492051135,-0.0034214990987269127,0.008720889202095246,-0.007899367046455037,0.01558648920187079,0.007839468979601015,0.0030566335257033827,0.0013089338455787643
